TRUNCATE admin_user, learner_user, payment, subscription, user_log RESTART IDENTITY CASCADE;

-- Insert data into admin_user table
INSERT INTO admin_user (admin_user_id, full_name, email, password) VALUES
(1, 'Admin One', 'admin.one@lectureflix.com', 'admin123'),
(2, 'Admin Two', 'admin.two@lectureflix.com', 'admin456'),
(3, 'Admin Three', 'admin.three@lectureflix.com', 'admin789'),
(4, 'Admin Four', 'admin.four@lectureflix.com', 'admin101'),
(5, 'Admin Five', 'admin.five@lectureflix.com', 'admin112'),
(6, 'Admin Six', 'admin.six@lectureflix.com', 'admin131'),
(7, 'Admin Seven', 'admin.seven@lectureflix.com', 'admin415'),
(8, 'Admin Eight', 'admin.eight@lectureflix.com', 'admin161'),
(9, 'Admin Nine', 'admin.nine@lectureflix.com', 'admin718'),
(10, 'Admin Ten', 'admin.ten@lectureflix.com', 'admin192'),
(11, 'Admin Eleven', 'admin.eleven@lectureflix.com', 'admin021'),
(12, 'Admin Twelve', 'admin.twelve@lectureflix.com', 'admin222'),
(13, 'Admin Thirteen', 'admin.thirteen@lectureflix.com', 'admin324'),
(14, 'Admin Fourteen', 'admin.fourteen@lectureflix.com', 'admin252'),
(15, 'Admin Fifteen', 'admin.fifteen@lectureflix.com', 'admin627'),
(16, 'Admin Sixteen', 'admin.sixteen@lectureflix.com', 'admin282'),
(17, 'Admin Seventeen', 'admin.seventeen@lectureflix.com', 'admin930'),
(18, 'Admin Eighteen', 'admin.eighteen@lectureflix.com', 'admin313'),
(19, 'Admin Nineteen', 'admin.nineteen@lectureflix.com', 'admin233'),
(20, 'Admin Twenty', 'admin.twenty@lectureflix.com', 'admin343');

-- Insert data into learner_user table
INSERT INTO learner_user (learner_user_id, full_name, email, password, country, date_of_birth, registration_date) VALUES
(1, 'Jane', 'jane@yahoo.com', 'pass456', 'Finland', '1992-08-25', '2024-12-14'),
(2, 'John', 'john@gmail.com', 'password123', 'Germany', '1990-05-15', '2024-12-14'),
(3, 'Sandra', 'Sandra@yahoo.com', 'pass460', 'Finland', '1982-08-25', '2024-12-14'),
(4, 'Smith', 'smith@yahoo.com', 'pass455', 'Sweden', '1992-08-29', '2024-12-14'),
(5, 'Nina', 'Nina@yahoo.com', 'ps44456', 'USA', '1993-05-15', '2024-12-14'),
(6, 'Joel', 'joel@gmail.com', 'pwt770', 'Nigeria', '1958-05-27', '2024-12-14'),
(7, 'Ako', 'Ako@gmail.com', 'pwt7890', 'Ghana', '1998-05-22', '2024-12-14'),
(8, 'Jpl', 'jpl@gmail.com', 'pass7789', 'Sweden', '2000-05-27', '2024-12-14'),
(9, 'Sarah', 'Sarah@gmail.com', 'kslkeij99', 'China', '1958-05-28', '2024-12-14'),
(10, 'Kandy', 'Kandy@gmail.com', 'pass770', 'Nigeria', '2021-05-27', '2024-12-14'),
(11, 'Joel', 'joel@outlook.com', 'pwt7701', 'Singapore', '2001-11-27', '2024-12-14'),
(12, 'Lola', 'lola@gmail.com', 'pass896', 'Finland', '2002-05-27', '2024-12-14'),
(13, 'Elly', 'Elly@gmail.com', 'passwordnow', 'Sweden', '1993-09-11', '2024-12-14'),
(14, 'Amaka', 'Amaka@yahoo.com', '32rhdn', 'Germany', '1989-03-15', '2024-12-14'),
(15, 'David', 'David@yahoo.com', 'poiwt58', 'Germany', '1992-05-15', '2024-12-14'),
(16, 'Daniel', 'Daniel@yahoo.com', '36jhgs', 'Ghana', '1996-05-15', '2024-12-14'),
(17, 'Kelly', 'Kelly@yahoo.com', 'sbw009', 'China', '1999-05-15', '2024-12-14'),
(18, 'Cynthia', 'Cynthia@yahoo.com', 'liode9', 'Nigeria', '1992-11-15', '2024-12-14'),
(19, 'Bawa', 'Bawa@yahoo.com', 'loy693', 'Finland', '1993-03-15', '2024-12-14'),
(20, 'Bernard', 'Bernard@yahoo.com', 'Qwerty36', 'Sweden', '1998-05-15', '2024-12-14');

-- Insert data into payment table
INSERT INTO payment (payment_id, learner_user_id, amount, payment_date, payment_method) VALUES
(1, 1, 9.99, '2024-12-14', 'credit_card'),
(2, 2, 9.99, '2024-12-14', 'paypal'),
(3, 3, 9.99, '2024-12-14', 'credit_card'),
(4, 4, 9.99, '2024-12-14', 'credit_card'),
(5, 5, 9.99, '2024-12-14', 'bank_transfer'),
(6, 6, 9.99, '2024-12-14', 'credit_card'),
(7, 7, 9.99, '2024-12-14', 'paypal'),
(8, 8, 9.99, '2024-12-14', 'credit_card'),
(9, 9, 9.99, '2024-12-14', 'credit_card'),
(10, 10, 9.99, '2024-12-14', 'bank_transfer'),
(11, 11, 9.99, '2024-12-14', 'credit_card'),
(12, 12, 9.99, '2024-12-14', 'paypal'),
(13, 13, 9.99, '2024-12-14', 'credit_card'),
(14, 14, 9.99, '2024-12-14', 'paypal'),
(15, 15, 9.99, '2024-12-14', 'bank_transfer'),
(16, 16, 9.99, '2024-12-14', 'paypal'),
(17, 17, 9.99, '2024-12-14', 'bank_transfer'),
(18, 18, 9.99, '2024-12-14', 'paypal'),
(19, 19, 9.99, '2024-12-14', 'paypal'),
(20, 20, 9.99, '2024-12-14', 'bank_transfer');

-- Insert data into subscription table
INSERT INTO subscription (subscription_id, learner_user_id, subscription_type, start_date, end_date) VALUES
(21, 1, 'Standard', '2024-01-01', '2025-01-01'),
(22, 2, 'Premium', '2024-12-01', '2025-12-01'),
(23, 3, 'Standard', '2024-12-02', '2025-12-01'),
(24, 4, 'Standard', '2024-12-03', '2025-12-01'),
(25, 5, 'Premium', '2024-12-04', '2025-12-01'),
(26, 6, 'Premium', '2024-12-05', '2025-12-01'),
(27, 7, 'Standard', '2024-12-06', '2025-12-01'),
(28, 8, 'Standard', '2024-12-07', '2025-12-01'),
(29, 9, 'Premium', '2024-12-08', '2025-12-01'),
(30, 10, 'Premium', '2024-12-09', '2025-12-01'),
(31, 11, 'Standard', '2024-12-10', '2025-12-01'),
(32, 12, 'Premium', '2024-12-11', '2025-12-01'),
(33, 13, 'Premium', '2024-12-12', '2025-12-12'),
(34, 14, 'Premium', '2024-12-13', '2025-12-13'),
(35, 15, 'Standard', '2024-12-14', '2025-01-14'),
(36, 16, 'Premium', '2024-12-15', '2025-12-15'),
(37, 17, 'Premium', '2024-12-16', '2025-01-16'),
(38, 18, 'Premium', '2024-12-17', '2025-12-17'),
(39, 19, 'Premium', '2024-12-18', '2025-12-18'),
(40, 20, 'Standard', '2024-12-19', '2025-01-19');

-- Insert data into user_log table
INSERT INTO user_log (log_id, learner_user_id, login_time, logout_time) VALUES
(1, 1, '2024-01-01 10:00:00', '2024-01-01 12:00:00'),
(2, 2, '2024-01-02 09:30:00', '2024-01-02 10:15:00'),
(3, 3, '2024-01-01 10:00:00', '2024-01-01 12:00:00'),
(4, 4, '2024-01-02 09:30:00', '2024-01-02 10:15:00'),
(5, 5, '2024-01-01 10:00:00', '2024-01-01 12:00:00'),
(6, 6, '2024-01-02 09:30:00', '2024-01-02 10:15:00'),
(7, 7, '2024-01-01 10:00:00', '2024-01-01 12:00:00'),
(8, 8, '2024-01-02 09:30:00', '2024-01-02 10:15:00'),
(9, 9, '2024-01-01 10:00:00', '2024-01-01 12:00:00'),
(10, 10, '2024-01-02 09:30:00', '2024-01-02 10:15:00'),
(11, 11, '2024-01-01 10:00:00', '2024-01-01 12:00:00'),
(12, 12, '2024-01-02 09:30:00', '2024-01-02 10:15:00'),
(13, 13, '2024-01-01 10:00:00', '2024-01-01 12:00:00'),
(14, 14, '2024-01-02 09:30:00', '2024-01-02 10:15:00'),
(15, 15, '2024-01-01 10:00:00', '2024-01-01 12:00:00'),
(16, 16, '2024-01-02 09:30:00', '2024-01-02 10:15:00'),
(17, 17, '2024-01-01 10:00:00', '2024-01-01 12:00:00'),
(18, 18, '2024-01-02 09:30:00', '2024-01-02 10:15:00'),
(19, 19, '2024-01-01 10:00:00', '2024-01-01 12:00:00'),
(20, 20, '2024-01-02 09:30:00', '2024-01-02 10:15:00');
